{
  "comics": [
    {
      "id": 1,
      "titulo": "BATMAN",
      "descripcion": "Super heroe",
      "comentario": "Millonario"
    },
    {
      "titulo": "Superman",
      "descripcion": "Here espacio",
      "comentario": "Crytonita",
      "id": 2
    },
    {
      "titulo": "Batichica",
      "descripcion": "mujer",
      "comentario": "54 anos",
      "id": 3
    },
    {
      "titulo": "simpson",
      "descripcion": "mejor de todos",
      "comentario": "50 temporadas",
      "id": 4
    }
  ],
  "usuarios": [
    {
      "id": 1,
      "nombre": "luis",
      "pais": "colombia",
      "email": "luisheumann@gmail.com",
      "password": "12345"
    }
  ]
}